title,genres,tags,rating,year,episodes,description
Attack on Titan,Action|Drama|Fantasy,titans|military|survival|dark|plot twists|war,4.9,2013,89,Humanity hides behind enormous walls from man-eating giants until a breach sends a young soldier on a quest for revenge that uncovers the truth about his world.
Demon Slayer: Kimetsu no Yaiba,Action|Fantasy|Historical,demons|swordsmanship|siblings|taisho era|breathing techniques,4.9,2019,63,After demons slaughter his family a kind-hearted boy joins a secret corps of swordsmen to cure his sister who has been turned into a demon.
Jujutsu Kaisen,Action|Fantasy|Supernatural,curses|sorcerers|school|dark|battles,4.9,2020,47,A high schooler swallows a cursed finger and becomes host to a powerful curse forcing him to enroll in a school for jujutsu sorcerers.
Chainsaw Man,Action|Horror|Supernatural,devils|gore|dark comedy|contracts|antihero,4.8,2022,12,A broke young man merges with his chainsaw devil pet and is recruited by a government agency that hunts devils.
One Piece,Action|Adventure|Comedy|Fantasy,pirates|treasure|crew|friendship|long running,4.9,1999,1100,A rubber-bodied boy sets sail with a ragtag crew to find the legendary treasure and become King of the Pirates.
Naruto Shippuden,Action|Adventure|Fantasy,ninjas|friendship|rivalry|long running|tournaments,4.8,2007,500,A ninja who once dreamed of recognition returns from training to protect his village and rescue his estranged best friend.
Naruto,Action|Adventure|Comedy,ninjas|friendship|rivalry|underdog|school,4.7,2002,220,An orphaned prankster with a fox spirit sealed inside him trains to become the strongest ninja and leader of his village.
Bleach,Action|Adventure|Supernatural,soul reapers|swordsmanship|afterlife|battles|long running,4.7,2004,366,A teenager who can see ghosts gains the powers of a Soul Reaper and must defend the living from evil spirits.
Hunter x Hunter,Action|Adventure|Fantasy,hunters|friendship|power system|tournaments|strategy,4.9,2011,148,A boy leaves his island home to become a Hunter and find the father who abandoned him making unlikely friends along the way.
My Hero Academia,Action|Comedy|School,superheroes|quirks|school|underdog|training,4.8,2016,138,In a world where most people have superpowers a powerless boy inherits the abilities of the greatest hero and enrolls in a hero academy.
Mob Psycho 100,Action|Comedy|Supernatural,psychics|coming of age|spirits|mentor|school,4.8,2016,37,An awkward middle schooler with immense psychic powers tries to live a normal life while working for a fraudulent spirit medium.
One-Punch Man,Action|Comedy|Sci-Fi,superheroes|parody|overpowered|monsters,4.8,2015,24,A hero who can defeat any enemy with one punch grows bored with his power and searches for a worthy opponent.
Solo Leveling,Action|Adventure|Fantasy,dungeons|leveling|overpowered|system|monsters,4.8,2024,25,The weakest hunter in a world of monster-filled gates gains a mysterious system that lets him level up without limit.
Black Clover,Action|Comedy|Fantasy,magic|knights|rivalry|underdog|friendship,4.8,2017,170,A boy born without magic in a world where magic is everything strives to become the Wizard King with his anti-magic sword.
Fire Force,Action|Sci-Fi|Supernatural,firefighters|spontaneous combustion|pyrokinesis|conspiracy,4.7,2019,48,A pyrokinetic firefighter joins a special brigade that battles people who spontaneously burst into flaming monsters.
Dr. Stone,Adventure|Comedy|Sci-Fi,science|survival|post apocalyptic|civilization,4.8,2019,58,After humanity is petrified for thousands of years a genius teen awakens and sets out to rebuild civilization through science.
Vinland Saga,Action|Adventure|Drama|Historical,vikings|revenge|war|redemption|mature,4.9,2019,48,A young warrior in Viking-age Europe seeks revenge against the mercenary who killed his father before finding a new purpose.
Fullmetal Alchemist: Brotherhood,Action|Adventure|Drama|Fantasy,alchemy|brothers|military|conspiracy|redemption,4.9,2009,64,Two brothers who lost their bodies in a forbidden alchemy ritual search for the Philosopher's Stone to restore themselves.
Steins;Gate,Drama|Sci-Fi|Thriller,time travel|conspiracy|plot twists|science,4.9,2011,24,A self-proclaimed mad scientist discovers how to send messages to the past and pays a terrible price for changing time.
Psycho-Pass,Action|Sci-Fi|Thriller,dystopia|crime|police|philosophy|cyberpunk,4.7,2012,22,In a future where a system measures criminal intent a rookie inspector questions the justice she is sworn to enforce.
Death Note,Mystery|Supernatural|Thriller,cat and mouse|detective|crime|mind games|dark,4.9,2006,37,A student finds a notebook that kills anyone whose name is written in it and begins a deadly game with a genius detective.
Code Geass,Action|Drama|Sci-Fi,mecha|rebellion|mind games|strategy|antihero,4.8,2006,50,An exiled prince gains the power of absolute obedience and leads a rebellion against the empire that destroyed his family.
Tokyo Ghoul,Action|Horror|Supernatural,ghouls|dark|identity|gore,4.6,2014,48,A college student becomes half-ghoul after a deadly encounter and must navigate the hidden world of flesh-eating ghouls.
Hell's Paradise,Action|Adventure|Supernatural,ninjas|island|survival|gore|edo period,4.7,2023,13,A condemned ninja is promised a pardon if he can find the elixir of life on a mysterious and monstrous island.
Frieren: Beyond Journey's End,Adventure|Drama|Fantasy,elves|journey|magic|melancholy|slice of life,4.9,2023,28,An elven mage who outlives her hero companions sets out on a new journey to understand the humans she once took for granted.
That Time I Got Reincarnated as a Slime,Action|Comedy|Fantasy,isekai|reincarnation|monsters|nation building|overpowered,4.8,2018,72,A salaryman is reborn as a slime in a fantasy world and gradually builds a nation of monsters.
Re:ZERO -Starting Life in Another World-,Drama|Fantasy|Psychological,isekai|time loop|dark|romance|suffering,4.8,2016,66,A young man transported to a fantasy world discovers that he returns to a fixed point in time every time he dies.
KONOSUBA -God's blessing on this wonderful world!,Adventure|Comedy|Fantasy,isekai|parody|party|slapstick,4.8,2016,30,A shut-in is reborn in a fantasy world with a useless goddess and an eccentric party of misfit adventurers.
Mushoku Tensei: Jobless Reincarnation,Adventure|Drama|Fantasy,isekai|reincarnation|magic|coming of age,4.7,2021,48,A jobless man is reincarnated into a world of sword and sorcery and vows to live his new life without regrets.
The Rising of the Shield Hero,Action|Adventure|Fantasy,isekai|betrayal|redemption|party,4.7,2019,50,Summoned as one of four legendary heroes a young man with only a shield must rebuild his reputation after a false accusation.
Overlord,Action|Fantasy|Supernatural,isekai|overpowered|antihero|undead|nation building,4.7,2015,52,When a virtual reality game shuts down its top player finds himself trapped as his undead sorcerer avatar.
Sword Art Online,Action|Adventure|Romance,isekai|virtual reality|gaming|survival,4.4,2012,96,Thousands of players are trapped in a virtual reality MMO where dying in the game means dying in real life.
Log Horizon,Adventure|Fantasy,isekai|virtual reality|gaming|strategy|politics,4.6,2013,62,Thirty thousand gamers are trapped in an online game and a strategist works to bring order to their new world.
Spy x Family,Action|Comedy|Slice of Life,family|spies|assassin|telepathy|wholesome,4.9,2022,37,A spy builds a fake family for a mission without knowing his wife is an assassin and his adopted daughter reads minds.
Kaguya-sama: Love is War,Comedy|Romance|School,romcom|mind games|student council|wholesome,4.9,2019,37,Two elite students who are in love with each other are too proud to confess and scheme to make the other one confess first.
Horimiya,Comedy|Romance|Slice of Life,romcom|school|wholesome|secret identity,4.8,2021,26,A popular girl and a gloomy classmate discover each other's hidden sides outside of school and fall into a sweet romance.
Toradora!,Comedy|Drama|Romance,romcom|school|love triangle|tsundere,4.8,2008,25,A delinquent-looking boy and a tiny fierce girl team up to help each other win over their crushes.
My Dress-Up Darling,Comedy|Romance|Slice of Life,cosplay|romcom|crafting|wholesome,4.8,2022,12,A shy doll craftsman helps the most popular girl in class create cosplay outfits and they grow closer.
Fruits Basket,Drama|Romance|Slice of Life,curses|zodiac|healing|family|wholesome,4.9,2019,63,An orphaned girl moves in with a family cursed to turn into animals of the Chinese zodiac and helps heal their wounds.
Rascal Does Not Dream of Bunny Girl Senpai,Drama|Romance|Supernatural,adolescence syndrome|school|romance|mystery,4.8,2018,13,A high schooler helps girls afflicted by strange supernatural phenomena tied to their emotional struggles.
Your Lie in April,Drama|Music|Romance,piano|grief|tearjerker|coming of age,4.8,2014,22,A piano prodigy who lost his ability to hear music finds inspiration again after meeting a free-spirited violinist.
Clannad After Story,Drama|Romance|Slice of Life,family|tearjerker|adulthood|school,4.8,2008,24,A young man faces the joys and tragedies of adulthood and family life after graduating high school.
The Apothecary Diaries,Drama|Historical|Mystery,palace|medicine|detective|intrigue,4.9,2023,48,A pharmacist sold into the imperial palace uses her knowledge of poisons and medicine to solve mysteries in the inner court.
Haikyu!!,Comedy|Drama|Sports,volleyball|teamwork|underdog|rivalry|school,4.9,2014,85,A short but determined boy joins his high school volleyball team and forms an explosive duo with a former rival.
Kuroko's Basketball,Comedy|Drama|Sports,basketball|teamwork|rivalry|school,4.8,2012,75,A nearly invisible passing specialist teams up with a powerhouse player to defeat the legendary Generation of Miracles.
Blue Lock,Drama|Sports,soccer|competition|egoism|survival game,4.7,2022,38,Three hundred strikers compete in a brutal facility designed to create the world's most egotistical striker.
Yuri!!! on Ice,Comedy|Drama|Sports,figure skating|lgbtq|mentor|competition,4.8,2016,12,A struggling figure skater gets a second chance when his idol becomes his coach.
Free! - Iwatobi Swim Club,Comedy|Drama|Sports,swimming|friendship|school|rivalry,4.7,2013,37,A boy who loves water reunites with childhood friends to start a high school swim club.
Laid-Back Camp,Comedy|Slice of Life,camping|iyashikei|friendship|wholesome|outdoors,4.9,2018,37,A group of girls bond over camping trips around Mount Fuji enjoying food scenery and cozy nights.
Nichijou - My Ordinary Life,Comedy|Slice of Life,absurd|school|gag|wholesome,4.7,2011,26,The daily lives of a group of high school girls and a robot are anything but ordinary in this surreal comedy.
Bocchi the Rock!,Comedy|Music|Slice of Life,band|social anxiety|guitar|wholesome,4.9,2022,12,A painfully shy guitarist is pulled into a struggling band and must overcome her anxiety to perform.
Skip and Loafer,Comedy|Slice of Life,school|countryside|friendship|wholesome|coming of age,4.8,2023,12,A bright girl from the countryside moves to Tokyo for high school and charms everyone with her earnest personality.
Gintama,Action|Comedy|Sci-Fi,parody|samurai|aliens|gag|long running,4.8,2006,367,In an Edo occupied by aliens a lazy samurai takes odd jobs with his friends in a comedy full of parody and heart.
Cowboy Bebop,Action|Adventure|Sci-Fi,bounty hunters|space|jazz|noir|classic,4.8,1998,26,A crew of bounty hunters drifts through the solar system chasing criminals and running from their pasts.
Neon Genesis Evangelion,Action|Drama|Sci-Fi|Psychological,mecha|apocalypse|trauma|classic,4.6,1995,26,A teenager is forced to pilot a giant bio-machine to fight mysterious beings called Angels.
Made in Abyss,Adventure|Drama|Fantasy,exploration|abyss|dark|robots|mystery,4.8,2017,25,An orphan girl and a robot boy descend into a vast dangerous chasm in search of her mother.
The Promised Neverland,Horror|Mystery|Thriller,orphanage|escape|mind games|dark|strategy,4.7,2019,23,Gifted orphans discover the terrifying truth behind their idyllic home and plan a daring escape.
Erased,Mystery|Supernatural|Thriller,time travel|serial killer|childhood|detective,4.8,2016,12,A man with the power to rewind time is sent back to his childhood to prevent a series of kidnappings.
Odd Taxi,Mystery|Thriller|Drama,detective|crime|ensemble|anthropomorphic,4.8,2021,13,A cynical walrus taxi driver gets entangled in a missing girl case through conversations with his passengers.
Mushishi,Fantasy|Mystery|Slice of Life,iyashikei|nature|folklore|episodic|wandering,4.7,2005,46,A wandering expert travels the countryside helping people afflicted by ethereal life forms called Mushi.
Dragon Ball Super,Action|Adventure|Comedy,martial arts|aliens|tournaments|overpowered,4.7,2015,131,After defeating Majin Buu Goku faces gods and warriors from other universes.
Dandadan,Action|Comedy|Sci-Fi|Supernatural,aliens|ghosts|romcom|occult|chaotic,4.9,2024,24,A girl who believes in ghosts and a boy who believes in aliens discover both are real and team up against the bizarre.
Kaiju No. 8,Action|Sci-Fi,kaiju|military|transformation|monsters,4.8,2024,23,A man who cleans up after kaiju attacks gains the ability to transform into one and pursues his dream of joining the defense force.
Wind Breaker,Action|Drama|School,delinquents|fighting|protecting town|friendship,4.8,2024,25,A fighter joins a high school gang of delinquents who protect their town rather than terrorize it.
Mashle: Magic and Muscles,Action|Comedy|Fantasy,magic|parody|overpowered|school,4.8,2023,24,A young man with no magic in a magic world enrolls in an elite academy relying only on his ridiculous muscles.
The Eminence in Shadow,Action|Comedy|Fantasy,isekai|chuunibyou|overpowered|parody,4.8,2022,32,A boy obsessed with being a mastermind in the shadows is reincarnated and accidentally makes his fantasy real.
Assassination Classroom,Action|Comedy|School,teacher|assassination|aliens|underdog|wholesome,4.8,2015,47,A class of misfits must assassinate their invincible tentacled teacher before he destroys the Earth.
Banana Fish,Action|Drama|Thriller,crime|mafia|conspiracy|lgbtq|tragedy,4.8,2018,24,A teenage gang leader in New York uncovers a drug conspiracy tied to his brother's past.
Jojo's Bizarre Adventure,Action|Adventure|Supernatural,stands|family|bizarre|battles|strategy,4.8,2012,190,Generations of the Joestar family battle supernatural foes using unique spirit powers.
Ranking of Kings,Adventure|Drama|Fantasy,underdog|kingdom|friendship|wholesome,4.8,2021,33,A deaf and powerless prince sets out with his shadowy friend to prove he deserves the throne.
